user_id,signup_date,region,subscription_tier,monthly_usage_hours,monthly_bill
UID_10000,2024-01-01,EMEA,Pro,32.3,33.9
UID_10001,2024-01-01,APAC,Basic,28.2,10.32
UID_10002,2024-01-02,APAC,Enterprise,284.9,311.52
UID_10003,2024-01-02,North America,Basic,32.4,14.87
UID_10004,2024-01-03,EMEA,Pro,68.5,30.99
UID_10005,2024-01-03,EMEA,Pro,41.4,48.47
UID_10006,2024-01-04,EMEA,Pro,75.1,47.51
UID_10007,2024-01-04,North America,Pro,88.1,36.13
UID_10008,2024-01-05,North America,Enterprise,-15.5,486.12
UID_10009,2024-01-05,LATAM,Basic,31.9,12.84
UID_10010,2024-01-06,LATAM,Basic,21.8,12.56
UID_10011,2024-01-06,EMEA,Basic,34.1,12.67
UID_10012,2024-01-07,North America,Basic,N/A,13.81
UID_10013,2024-01-07,North America,Enterprise,104.1,475.3
UID_10014,2024-01-08,APAC,Pro,60.0,43.56
UID_10015,2024-01-08,APAC,Basic,13.8,10.3
UID_10016,2024-01-09,EMEA,Enterprise,200.7,362.86
UID_10017,2024-01-09,LATAM,Basic,19.7,10.52
UID_10018,2024-01-10,North America,Enterprise,126.3,377.98
UID_10019,2024-01-10,EMEA,Pro,60.2,36.97
UID_10020,2024-01-11,LATAM,Basic,17.9,12.18
UID_10021,2024-01-11,North America,Pro,54.1,43.65
UID_10022,2024-01-12,LATAM,Enterprise,296.8,N/A
UID_10023,2024-01-12,LATAM,Basic,11.3,11.54
UID_10024,2024-01-13,North America,Basic,26.7,13.99
UID_10025,2024-01-13,EMEA,Enterprise,336.5,436.05
UID_10026,2024-01-14,North America,Enterprise,233.0,314.76
UID_10027,2024-01-14,APAC,Pro,109.2,41.08
UID_10028,2024-01-15,EMEA,Enterprise,328.8,336.59
UID_10029,2024-01-15,North America,Basic,8.0,13.96
UID_10030,2024-01-16,LATAM,Basic,9.6,13.13
UID_10031,2024-01-16,North America,Basic,26.0,12.85
UID_10032,2024-01-17,North America,Basic,21.3,14.35
UID_10033,2024-01-17,EMEA,Pro,35.1,34.99
UID_10034,2024-01-18,APAC,Enterprise,115.6,457.91
UID_10035,2024-01-18,EMEA,Basic,12.3,10.27
UID_10036,2024-01-19,North America,Basic,29.9,11.09
UID_10037,2024-01-19,LATAM,Basic,20.9,10.59
UID_10038,2024-01-20,LATAM,Enterprise,301.5,234.63
UID_10039,2024-01-20,EMEA,Pro,98.6,32.57
UID_10040,2024-01-21,North America,Enterprise,338.2,338.95
UID_10041,2024-01-21,EMEA,Basic,17.3,13.8
UID_10042,2024-01-22,LATAM,Basic,19.2,13.55
UID_10043,2024-01-22,EMEA,Basic,30.4,13.92
UID_10044,2024-01-23,APAC,Enterprise,187.7,374.83
UID_10045,2024-01-23,APAC,Basic,missing,12.77
UID_10046,2024-01-24,EMEA,Basic,38.3,13.87
UID_10047,2024-01-24,North America,Basic,7.0,13.41
UID_10048,2024-01-25,EMEA,Basic,16.9,12.81
UID_10049,2024-01-25,North America,Basic,39.4,13.46
UID_10050,2024-01-26,LATAM,Basic,33.1,13.32
UID_10051,2024-01-26,LATAM,Pro,90.7,37.91
UID_10052,2024-01-27,North America,Basic,29.8,13.71
UID_10053,2024-01-27,EMEA,Basic,30.2,12.69
UID_10054,2024-01-28,EMEA,Basic,37.0,12.58
UID_10055,2024-01-28,EMEA,Enterprise,104.0,340.72
UID_10056,2024-01-29,North America,Pro,69.3,41.01
UID_10057,2024-01-29,EMEA,Basic,12.5,14.69
UID_10058,2024-01-30,LATAM,Pro,84.3,43.92
UID_10059,2024-01-30,APAC,Enterprise,264.1,398.54
UID_10060,2024-01-31,LATAM,Pro,110.0,44.78
UID_10061,2024-01-31,North America,Pro,103.5,44.58
UID_10062,2024-02-01,LATAM,Pro,47.1,35.18
UID_10063,2024-02-01,LATAM,Basic,13.5,11.61
UID_10064,2024-02-02,LATAM,Basic,19.5,13.73
UID_10065,2024-02-02,EMEA,Basic,38.7,10.24
UID_10066,2024-02-03,APAC,Basic,7.6,11.18
UID_10067,2024-02-03,North America,Basic,19.0,14.65
UID_10068,2024-02-04,EMEA,Basic,35.9,12.97
UID_10069,2024-02-04,EMEA,Basic,27.3,11.91
UID_10070,2024-02-05,APAC,Basic,37.8,10.52
UID_10071,2024-02-05,APAC,Enterprise,229.0,277.67
UID_10072,2024-02-06,North America,Pro,113.9,36.03
UID_10073,2024-02-06,LATAM,Pro,48.2,49.49
UID_10074,2024-02-07,LATAM,Basic,6.2,14.58
UID_10075,2024-02-07,LATAM,Basic,31.7,12.74
UID_10076,2024-02-08,EMEA,Basic,25.3,12.62
UID_10077,2024-02-08,North America,Pro,75.1,32.77
UID_10078,2024-02-09,LATAM,Pro,96.8,38.11
UID_10079,2024-02-09,APAC,Pro,85.6,44.74
UID_10080,2024-02-10,LATAM,Pro,67.4,31.52
UID_10081,2024-02-10,North America,Basic,14.9,10.85
UID_10082,2024-02-11,LATAM,Basic,7.9,12.69
UID_10083,2024-02-11,APAC,Pro,67.8,41.93
UID_10084,2024-02-12,North America,Basic,21.6,14.33
UID_10085,2024-02-12,EMEA,Pro,61.3,35.23
UID_10086,2024-02-13,North America,Basic,24.9,14.97
UID_10087,2024-02-13,North America,Basic,30.7,12.71
UID_10088,2024-02-14,North America,Pro,103.3,37.26
UID_10089,2024-02-14,EMEA,Pro,90.0,30.55
UID_10090,2024-02-15,APAC,Pro,106.1,31.54
UID_10091,2024-02-15,LATAM,Basic,20.5,13.14
UID_10092,2024-02-16,North America,Pro,114.2,46.65
UID_10093,2024-02-16,APAC,Pro,81.5,38.0
UID_10094,2024-02-17,LATAM,Pro,49.9,42.83
UID_10095,2024-02-17,EMEA,Basic,39.9,12.45
UID_10096,2024-02-18,APAC,Basic,23.7,11.77
UID_10097,2024-02-18,North America,Pro,39.8,47.74
UID_10098,2024-02-19,APAC,Basic,9.8,10.26
UID_10099,2024-02-19,North America,Enterprise,277.3,missing
UID_10100,2024-02-20,LATAM,Basic,16.7,12.35
UID_10101,2024-02-20,LATAM,Basic,18.7,14.87
UID_10102,2024-02-21,North America,Pro,95.7,47.83
UID_10103,2024-02-21,North America,Pro,112.0,39.34
UID_10104,2024-02-22,North America,Pro,92.9,35.99
UID_10105,2024-02-22,LATAM,Basic,33.6,10.47
UID_10106,2024-02-23,LATAM,Basic,39.1,11.08
UID_10107,2024-02-23,APAC,Pro,50.6,31.1
UID_10108,2024-02-24,EMEA,Basic,23.6,12.29
UID_10109,2024-02-24,EMEA,Pro,91.5,31.04
UID_10110,2024-02-25,LATAM,Pro,34.4,44.61
UID_10111,2024-02-25,EMEA,Enterprise,340.7,217.45
UID_10112,2024-02-26,APAC,Basic,-999,13.66
UID_10113,2024-02-26,LATAM,Enterprise,317.0,403.17
UID_10114,2024-02-27,North America,Basic,6.8,11.65
UID_10115,2024-02-27,EMEA,Basic,27.9,13.42
UID_10116,2024-02-28,LATAM,Basic,24.5,12.38
UID_10117,2024-02-28,North America,Pro,115.1,49.21
UID_10118,2024-02-29,LATAM,Basic,24.9,10.79
UID_10119,2024-02-29,EMEA,Basic,9.3,12.47
UID_10120,2024-03-01,EMEA,Pro,81.3,38.51
UID_10121,2024-03-01,EMEA,Pro,42.0,42.16
UID_10122,2024-03-02,LATAM,Basic,28.7,14.47
UID_10123,2024-03-02,EMEA,Pro,99.1,35.25
UID_10124,2024-03-03,EMEA,Basic,17.6,10.31
UID_10125,2024-03-03,APAC,Pro,63.6,41.09
UID_10126,2024-03-04,EMEA,Basic,21.9,13.46
UID_10127,2024-03-04,APAC,Enterprise,197.2,381.01
UID_10128,2024-03-05,EMEA,Basic,14.9,13.42
UID_10129,2024-03-05,EMEA,Enterprise,224.2,219.47
UID_10130,2024-03-06,LATAM,Basic,15.7,12.39
UID_10131,2024-03-06,LATAM,Basic,20.0,11.28
UID_10132,2024-03-07,North America,Pro,100.3,42.35
UID_10133,2024-03-07,LATAM,Basic,16.9,14.76
UID_10134,2024-03-08,EMEA,Enterprise,290.3,298.68
UID_10135,2024-03-08,APAC,Basic,23.3,11.33
UID_10136,2024-03-09,LATAM,Basic,14.3,10.33
UID_10137,2024-03-09,North America,Basic,34.8,11.27
UID_10138,2024-03-10,APAC,Pro,84.8,46.9
UID_10139,2024-03-10,North America,Basic,29.3,14.09
UID_10140,2024-03-11,APAC,Basic,20.9,10.62
UID_10141,2024-03-11,North America,Pro,54.7,38.72
UID_10142,2024-03-12,APAC,Enterprise,194.5,421.4
UID_10143,2024-03-12,North America,Pro,37.9,44.81
UID_10144,2024-03-13,APAC,Basic,34.5,14.82
UID_10145,2024-03-13,APAC,Enterprise,248.9,380.85
UID_10146,2024-03-14,North America,Basic,10.0,12.8
UID_10147,2024-03-14,North America,Pro,103.9,40.24
UID_10148,2024-03-15,North America,Pro,63.8,40.25
UID_10149,2024-03-15,LATAM,Basic,35.8,14.47
UID_10150,2024-03-16,North America,Pro,62.5,36.98
UID_10151,2024-03-16,North America,Pro,113.3,35.31
UID_10152,2024-03-17,EMEA,Enterprise,159.0,214.29
UID_10153,2024-03-17,APAC,Pro,30.1,36.35
UID_10154,2024-03-18,LATAM,Basic,23.3,14.07
UID_10155,2024-03-18,EMEA,Enterprise,308.5,240.87
UID_10156,2024-03-19,EMEA,Pro,49.4,47.33
UID_10157,2024-03-19,North America,Pro,63.8,37.65
UID_10158,2024-03-20,LATAM,Pro,41.0,49.06
UID_10159,2024-03-20,APAC,Basic,8.8,13.71
UID_10160,2024-03-21,EMEA,Pro,50.2,43.76
UID_10161,2024-03-21,EMEA,Pro,30.7,38.59
UID_10162,2024-03-22,North America,Basic,6.6,13.69
UID_10163,2024-03-22,APAC,Pro,85.5,30.86
UID_10164,2024-03-23,LATAM,Basic,26.7,13.93
UID_10165,2024-03-23,APAC,Basic,31.6,14.84
UID_10166,2024-03-24,North America,Pro,42.0,39.75
UID_10167,2024-03-24,APAC,Basic,33.3,12.84
UID_10168,2024-03-25,EMEA,Basic,11.9,14.01
UID_10169,2024-03-25,LATAM,Pro,92.1,35.66
UID_10170,2024-03-26,LATAM,Pro,117.5,43.94
UID_10171,2024-03-26,APAC,Basic,32.4,14.1
UID_10172,2024-03-27,EMEA,Basic,20.2,11.36
UID_10173,2024-03-27,LATAM,Basic,18.9,13.3
UID_10174,2024-03-28,North America,Pro,89.6,45.46
UID_10175,2024-03-28,LATAM,Basic,22.7,10.94
UID_10176,2024-03-29,North America,Pro,105.9,46.77
UID_10177,2024-03-29,North America,Pro,110.2,46.64
UID_10178,2024-03-30,North America,Pro,79.8,34.08
UID_10179,2024-03-30,APAC,Basic,35.3,12.4
UID_10180,2024-03-31,LATAM,Pro,44.9,45.43
UID_10181,2024-03-31,LATAM,Enterprise,139.2,333.85
UID_10182,2024-04-01,EMEA,Pro,31.4,46.52
UID_10183,2024-04-01,LATAM,Enterprise,200.2,300.33
UID_10184,2024-04-02,North America,Basic,18.4,14.22
UID_10185,2024-04-02,EMEA,Pro,83.9,36.95
UID_10186,2024-04-03,APAC,Basic,18.4,11.95
UID_10187,2024-04-03,APAC,Enterprise,308.0,411.86
UID_10188,2024-04-04,LATAM,Basic,10.6,11.6
UID_10189,2024-04-04,APAC,Basic,-42.0,12.79
UID_10190,2024-04-05,North America,Basic,17.3,10.54
UID_10191,2024-04-05,EMEA,Pro,49.9,33.2
UID_10192,2024-04-06,North America,Pro,103.5,45.81
UID_10193,2024-04-06,North America,Enterprise,216.9,490.86
UID_10194,2024-04-07,North America,Pro,95.5,39.78
UID_10195,2024-04-07,APAC,Basic,18.8,10.64
UID_10196,2024-04-08,LATAM,Basic,31.3,12.59
UID_10197,2024-04-08,EMEA,Basic,18.9,14.75
UID_10198,2024-04-09,LATAM,Enterprise,258.0,472.54
UID_10199,2024-04-09,EMEA,Basic,21.9,13.4
UID_10200,2024-04-10,EMEA,Basic,18.4,14.71
UID_10201,2024-04-10,EMEA,Basic,36.5,12.89
UID_10202,2024-04-11,APAC,Basic,36.0,10.0
UID_10203,2024-04-11,North America,Basic,37.3,14.53
UID_10204,2024-04-12,LATAM,Pro,77.0,34.21
UID_10205,2024-04-12,North America,Pro,95.7,30.26
UID_10206,2024-04-13,LATAM,Basic,19.4,12.08
UID_10207,2024-04-13,EMEA,Pro,44.3,47.19
UID_10208,2024-04-14,EMEA,Basic,17.5,11.69
UID_10209,2024-04-14,North America,Pro,60.8,36.35
UID_10210,2024-04-15,LATAM,Basic,26.0,11.61
UID_10211,2024-04-15,North America,Basic,35.7,12.23
UID_10212,2024-04-16,APAC,Basic,39.2,13.75
UID_10213,2024-04-16,EMEA,Basic,12.5,13.08
UID_10214,2024-04-17,EMEA,Basic,29.8,11.05
UID_10215,2024-04-17,APAC,Basic,10.5,11.7
UID_10216,2024-04-18,EMEA,Basic,11.8,12.44
UID_10217,2024-04-18,North America,Basic,38.6,13.62
UID_10218,2024-04-19,EMEA,Basic,7.0,14.56
UID_10219,2024-04-19,North America,Enterprise,136.7,380.99
UID_10220,2024-04-20,LATAM,Pro,87.9,37.19
UID_10221,2024-04-20,North America,Pro,39.2,49.58
UID_10222,2024-04-21,North America,Basic,35.8,10.79
UID_10223,2024-04-21,North America,Pro,85.3,47.53
UID_10224,2024-04-22,North America,Basic,23.1,11.88
UID_10225,2024-04-22,LATAM,Enterprise,203.4,484.2
UID_10226,2024-04-23,APAC,Basic,27.1,10.85
UID_10227,2024-04-23,APAC,Pro,87.4,37.66
UID_10228,2024-04-24,EMEA,Basic,22.8,10.32
UID_10229,2024-04-24,LATAM,Basic,37.0,14.49
UID_10230,2024-04-25,EMEA,Basic,15.9,10.64
UID_10231,2024-04-25,North America,Enterprise,222.7,375.17
UID_10232,2024-04-26,LATAM,Pro,60.4,34.43
UID_10233,2024-04-26,LATAM,Pro,40.6,49.04
UID_10234,2024-04-27,EMEA,Pro,65.6,43.38
UID_10235,2024-04-27,APAC,Basic,19.6,12.27
UID_10236,2024-04-28,LATAM,Basic,15.3,10.14
UID_10237,2024-04-28,APAC,Pro,66.7,32.25
UID_10238,2024-04-29,APAC,Enterprise,159.9,391.58
UID_10239,2024-04-29,North America,Pro,72.8,39.17
UID_10240,2024-04-30,APAC,Pro,38.4,44.8
UID_10241,2024-04-30,EMEA,Pro,88.4,42.69
UID_10242,2024-05-01,APAC,Basic,18.5,10.21
UID_10243,2024-05-01,North America,Pro,40.4,30.64
UID_10244,2024-05-02,EMEA,Pro,90.6,35.54
UID_10245,2024-05-02,APAC,Basic,7.4,12.83
UID_10246,2024-05-03,North America,Pro,46.5,33.68
UID_10247,2024-05-03,North America,Basic,9.5,12.35
UID_10248,2024-05-04,EMEA,Enterprise,144.9,418.91
UID_10249,2024-05-04,LATAM,Enterprise,165.7,323.98
UID_10250,2024-05-05,LATAM,Enterprise,N/A,230.63
UID_10251,2024-05-05,LATAM,Pro,99.6,39.28
UID_10252,2024-05-06,APAC,Pro,38.4,43.27
UID_10253,2024-05-06,EMEA,Enterprise,342.6,491.64
UID_10254,2024-05-07,EMEA,Pro,73.4,48.47
UID_10255,2024-05-07,EMEA,Basic,18.0,13.89
UID_10256,2024-05-08,LATAM,Basic,35.5,13.85
UID_10257,2024-05-08,APAC,Basic,16.7,13.24
UID_10258,2024-05-09,North America,Basic,24.3,11.55
UID_10259,2024-05-09,EMEA,Pro,77.8,35.07
UID_10260,2024-05-10,LATAM,Pro,103.4,42.28
UID_10261,2024-05-10,APAC,Pro,53.1,37.44
UID_10262,2024-05-11,North America,Basic,37.0,12.4
UID_10263,2024-05-11,APAC,Pro,42.4,42.33
UID_10264,2024-05-12,EMEA,Pro,59.0,31.62
UID_10265,2024-05-12,EMEA,Pro,81.5,34.98
UID_10266,2024-05-13,EMEA,Basic,21.0,10.59
UID_10267,2024-05-13,LATAM,Enterprise,214.5,263.51
UID_10268,2024-05-14,North America,Enterprise,114.2,474.34
UID_10269,2024-05-14,LATAM,Basic,23.9,13.45
UID_10270,2024-05-15,APAC,Basic,19.0,11.96
UID_10271,2024-05-15,EMEA,Basic,33.0,14.37
UID_10272,2024-05-16,North America,Pro,85.3,34.14
UID_10273,2024-05-16,LATAM,Enterprise,288.9,403.19
UID_10274,2024-05-17,LATAM,Basic,21.4,13.88
UID_10275,2024-05-17,North America,Basic,23.5,11.85
UID_10276,2024-05-18,LATAM,Basic,17.4,11.67
UID_10277,2024-05-18,North America,Basic,35.0,11.77
UID_10278,2024-05-19,North America,Basic,35.9,11.97
UID_10279,2024-05-19,LATAM,Basic,30.2,10.64
UID_10280,2024-05-20,LATAM,Pro,49.3,39.22
UID_10281,2024-05-20,North America,Pro,59.0,48.7
UID_10282,2024-05-21,LATAM,Basic,25.3,13.07
UID_10283,2024-05-21,LATAM,Basic,31.4,13.49
UID_10284,2024-05-22,APAC,Pro,90.1,37.3
UID_10285,2024-05-22,APAC,Pro,86.4,49.98
UID_10286,2024-05-23,APAC,Basic,22.9,13.91
UID_10287,2024-05-23,North America,Pro,81.6,41.05
UID_10288,2024-05-24,EMEA,Pro,87.6,37.96
UID_10289,2024-05-24,EMEA,Basic,8.3,12.42
UID_10290,2024-05-25,LATAM,Pro,64.7,39.69
UID_10291,2024-05-25,LATAM,Pro,102.9,49.13
UID_10292,2024-05-26,APAC,Enterprise,319.5,491.41
UID_10293,2024-05-26,North America,Pro,115.3,46.3
UID_10294,2024-05-27,APAC,Basic,17.3,14.45
UID_10295,2024-05-27,APAC,Basic,20.7,14.67
UID_10296,2024-05-28,APAC,Basic,7.4,14.45
UID_10297,2024-05-28,EMEA,Enterprise,324.1,208.79
UID_10298,2024-05-29,North America,Enterprise,326.5,370.67
UID_10299,2024-05-29,North America,Enterprise,141.5,377.55
